<?xml version="1.0" encoding="UTF-8"?>
<metadata xml:lang="en"><Esri><CreaDate>20200601</CreaDate><CreaTime>14151900</CreaTime><ArcGISFormat>1.0</ArcGISFormat><ArcGISstyle>ISO 19139 Metadata Implementation Specification</ArcGISstyle><SyncOnce>TRUE</SyncOnce><DataProperties><lineage><Process ToolSource="c:\program files (x86)\arcgis\desktop10.2\ArcToolbox\Toolboxes\Data Management Tools.tbx\Append" Date="20180808" Time="070619">Append DATA_ADMIN.ZONING DATA_ADMIN.ZONING_NEW NO_TEST "ZONING_ID "ZONING_ID" true false false 4 Long 0 10 ,First,#,DATA_ADMIN.ZONING,ZONING_ID,-1,-1;CASE_NUMBER "CASE_NUMBER" true true false 4 Long 0 10 ,First,#,DATA_ADMIN.ZONING,CASE_NUMBER,-1,-1;ZONE_TYPE "ZONE_TYPE" true true false 2 Short 0 4 ,First,#,DATA_ADMIN.ZONING,ZONE_TYPE,-1,-1;ZONE_CLASS "ZONE_CLASS" true true false 10 Text 0 0 ,First,#,DATA_ADMIN.ZONING,ZONE_CLASS,-1,-1;ORDINANCE_NUM "ORDINANCE_NUM" true true false 11 Text 0 0 ,First,#,DATA_ADMIN.ZONING,ORDINANCE_NUM,-1,-1;ORDINANCE_DATE "ORDINANCE_DATE" true true false 36 Date 0 0 ,First,#,DATA_ADMIN.ZONING,ORDINANCE_DATE,-1,-1;CREATE_TIMESTAMP "CREATE_TIMESTAMP" true true false 36 Date 0 0 ,First,#,DATA_ADMIN.ZONING,CREATE_DATE,-1,-1;CREATE_USERID "CREATE_USERID" true true false 15 Text 0 0 ,First,#,DATA_ADMIN.ZONING,CREATE_UID,-1,-1;UPDATE_TIMESTAMP "UPDATE_TIMESTAMP" true true false 36 Date 0 0 ,First,#,DATA_ADMIN.ZONING,EDIT_DATE,-1,-1;UPDATE_USERID "UPDATE_USERID" true true false 15 Text 0 0 ,First,#,DATA_ADMIN.ZONING,EDIT_UID,-1,-1;PD_NUM "PD_NUM" true true false 2 Short 0 4 ,First,#,DATA_ADMIN.ZONING,PD_NUM,-1,-1;PMD_SUB_AREA "PMD_SUB_AREA" true true false 10 Text 0 0 ,First,#;PEDSTREET_AREANAME "PEDSTREET_AREANAME" true true false 80 Text 0 0 ,First,#;OVERRIDE_REASON_CD "OVERRIDE_REASON_CD" true true false 4 Long 0 10 ,First,#;OVERRIDE_COMMENTS "OVERRIDE_COMMENTS" true true false 100 Text 0 0 ,First,#;SHAPE.AREA "SHAPE.AREA" false false true 0 Double 0 0 ,First,#,DATA_ADMIN.ZONING,SHAPE.AREA,-1,-1;SHAPE.LEN "SHAPE.LEN" false false true 0 Double 0 0 ,First,#,DATA_ADMIN.ZONING,SHAPE.LEN,-1,-1" #</Process><Process ToolSource="c:\program files (x86)\arcgis\desktop10.2\ArcToolbox\Toolboxes\Conversion Tools.tbx\FeatureClassToGeodatabase" Date="20180830" Time="103725">FeatureClassToGeodatabase 'Database Connections\arcserver@GISINT_dm21.sde\DATA_ADMIN.ZONING\DATA_ADMIN.ZONING_DOWNTOWN_AREA';'Database Connections\arcserver@GISINT_dm21.sde\DATA_ADMIN.ZONING\DATA_ADMIN.ZONING_LAKEFRONT';'Database Connections\arcserver@GISINT_dm21.sde\DATA_ADMIN.ZONING\DATA_ADMIN.ZONING_SP_DIST_SUBAREAS';'Database Connections\arcserver@GISINT_dm21.sde\DATA_ADMIN.ZONING\DATA_ADMIN.ZONING_SPECIAL_DISTRICTS' "Database Connections\data_admin@GISEDIT_dm21.sde\DATA_ADMIN.ZONING"</Process><Process ToolSource="c:\program files (x86)\arcgis\desktop10.2\ArcToolbox\Toolboxes\Data Management Tools.tbx\ChangePrivileges" Date="20190501" Time="101634">ChangePrivileges 'Database Connections\data_admin@GISEDIT_dm07p.sde\DATA_ADMIN.BACP';'Database Connections\data_admin@GISEDIT_dm07p.sde\DATA_ADMIN.Cadastral';'Database Connections\data_admin@GISEDIT_dm07p.sde\DATA_ADMIN.CDA';'Database Connections\data_admin@GISEDIT_dm07p.sde\DATA_ADMIN.CDOT';'Database Connections\data_admin@GISEDIT_dm07p.sde\DATA_ADMIN.CPD';'Database Connections\data_admin@GISEDIT_dm07p.sde\DATA_ADMIN.CensusZipcode';'Database Connections\data_admin@GISEDIT_dm07p.sde\DATA_ADMIN.CHA';'Database Connections\data_admin@GISEDIT_dm07p.sde\DATA_ADMIN.CPKD';'Database Connections\data_admin@GISEDIT_dm07p.sde\DATA_ADMIN.CPS';'Database Connections\data_admin@GISEDIT_dm07p.sde\DATA_ADMIN.CTA';'Database Connections\data_admin@GISEDIT_dm07p.sde\DATA_ADMIN.DFSS';'Database Connections\data_admin@GISEDIT_dm07p.sde\DATA_ADMIN.DPD';'Database Connections\data_admin@GISEDIT_dm07p.sde\DATA_ADMIN.DSS';'Database Connections\data_admin@GISEDIT_dm07p.sde\DATA_ADMIN.DSS_OPERATIONS';'Database Connections\data_admin@GISEDIT_dm07p.sde\DATA_ADMIN.DSS_SANITATION';'Database Connections\data_admin@GISEDIT_dm07p.sde\DATA_ADMIN.FM';'Database Connections\data_admin@GISEDIT_dm07p.sde\DATA_ADMIN.LANDMARKS';'Database Connections\data_admin@GISEDIT_dm07p.sde\DATA_ADMIN.Stage';'Database Connections\data_admin@GISEDIT_dm07p.sde\DATA_ADMIN.TIF';'Database Connections\data_admin@GISEDIT_dm07p.sde\DATA_ADMIN.ZONING' BASE_LAYERS GRANT AS_IS</Process><Process ToolSource="c:\arcgis\desktop10.5\ArcToolbox\Toolboxes\Data Management Tools.tbx\AssignDefaultToField" Date="20191212" Time="132035">AssignDefaultToField Zoning ZONE_CLASS # # false</Process><Process ToolSource="c:\arcgis\desktop10.5\ArcToolbox\Toolboxes\Data Management Tools.tbx\EnableEditorTracking" Date="20191213" Time="080703">EnableEditorTracking "Database Connections\data_admin@GISEDIT_dm07p.sde\DATA_ADMIN.ZONING\DATA_ADMIN.ZONING" CREATE_USERID CREATE_TIMESTAMP UPDATE_USERID UPDATE_TIMESTAMP # DATABASE_TIME</Process><Process ToolSource="c:\arcgis\desktop10.5\ArcToolbox\Toolboxes\Data Management Tools.tbx\EnableEditorTracking" Date="20200203" Time="091430">EnableEditorTracking "Database Connections\data_admin@GISEDIT_dm07p.sde\DATA_ADMIN.ZONING\DATA_ADMIN.ZONING" CREATE_USERID CREATE_TIMESTAMP UPDATE_USERID UPDATE_TIMESTAMP # UTC</Process></lineage></DataProperties></Esri></metadata>
